<?xml version="1.0" encoding="UTF-8"?>
<GenRun Id="sin_wave_rom_synth_1" LaunchPart="xc7z020clg400-2" LaunchTime="1722451542">
  <File Type="PA-TCL" Name="sin_wave_rom.tcl"/>
  <File Type="RDS-PROPCONSTRS" Name="sin_wave_rom_drc_synth.rpt"/>
  <File Type="REPORTS-TCL" Name="sin_wave_rom_reports.tcl"/>
  <File Type="RDS-RDS" Name="sin_wave_rom.vds"/>
  <File Type="RDS-UTIL" Name="sin_wave_rom_utilization_synth.rpt"/>
  <File Type="RDS-UTIL-PB" Name="sin_wave_rom_utilization_synth.pb"/>
  <File Type="RDS-DCP" Name="sin_wave_rom.dcp"/>
  <File Type="VDS-TIMINGSUMMARY" Name="sin_wave_rom_timing_summary_synth.rpt"/>
  <File Type="VDS-TIMING-PB" Name="sin_wave_rom_timing_summary_synth.pb"/>
  <FileSet Name="sources" Type="BlockSrcs" RelSrcDir="$PSRCDIR/sin_wave_rom" RelGenDir="$PGENDIR/sin_wave_rom">
    <File Path="$PSRCDIR/sources_1/ip/sin_wave_rom/sin_wave_rom.xci">
      <FileInfo>
        <Attr Name="UsedIn" Val="synthesis"/>
        <Attr Name="UsedIn" Val="implementation"/>
        <Attr Name="UsedIn" Val="simulation"/>
      </FileInfo>
    </File>
    <Config>
      <Option Name="TopModule" Val="sin_wave_rom"/>
      <Option Name="UseBlackboxStub" Val="1"/>
    </Config>
  </FileSet>
  <FileSet Name="constrs_in" Type="BlockSrcs" RelSrcDir="$PSRCDIR/sin_wave_rom" RelGenDir="$PGENDIR/sin_wave_rom">
    <File Path="$PSRCDIR/sources_1/ip/sin_wave_rom/sin_wave_rom.xci">
      <FileInfo>
        <Attr Name="UsedIn" Val="synthesis"/>
        <Attr Name="UsedIn" Val="implementation"/>
        <Attr Name="UsedIn" Val="simulation"/>
      </FileInfo>
    </File>
    <Config>
      <Option Name="TopModule" Val="sin_wave_rom"/>
      <Option Name="UseBlackboxStub" Val="1"/>
    </Config>
  </FileSet>
  <FileSet Name="utils" Type="Utils" RelSrcDir="$PSRCDIR/utils_1" RelGenDir="$PGENDIR/utils_1">
    <Filter Type="Utils"/>
    <Config>
      <Option Name="TopAutoSet" Val="TRUE"/>
    </Config>
  </FileSet>
  <Strategy Version="1" Minor="2">
    <StratHandle Name="Vivado Synthesis Defaults" Flow="Vivado Synthesis 2023">
      <Desc>Vivado Synthesis Defaults</Desc>
    </StratHandle>
    <Step Id="synth_design"/>
  </Strategy>
</GenRun>
