<?xml version="1.0" encoding="UTF-8"?>
<GenRun Id="impl_1" LaunchPart="xc7z020clg400-2" LaunchTime="1722453039">
  <File Type="ROUTE-PWR" Name="M_DAC_wrapper_power_routed.rpt"/>
  <File Type="PA-TCL" Name="M_DAC_wrapper.tcl"/>
  <File Type="ROUTE-PWR-SUM" Name="M_DAC_wrapper_power_summary_routed.pb"/>
  <File Type="REPORTS-TCL" Name="M_DAC_wrapper_reports.tcl"/>
  <File Type="OPT-RQA-PB" Name="M_DAC_wrapper_rqa_opted.pb"/>
  <File Type="BITSTR-MMI" Name="M_DAC_wrapper.mmi"/>
  <File Type="OPT-METHODOLOGY-DRC" Name="M_DAC_wrapper_methodology_drc_opted.rpt"/>
  <File Type="INIT-TIMING" Name="M_DAC_wrapper_timing_summary_init.rpt"/>
  <File Type="OPT-TIMING" Name="M_DAC_wrapper_timing_summary_opted.rpt"/>
  <File Type="OPT-DCP" Name="M_DAC_wrapper_opt.dcp"/>
  <File Type="OPT-DRC" Name="M_DAC_wrapper_drc_opted.rpt"/>
  <File Type="OPT-HWDEF" Name="M_DAC_wrapper.hwdef"/>
  <File Type="PWROPT-DCP" Name="M_DAC_wrapper_pwropt.dcp"/>
  <File Type="PWROPT-DRC" Name="M_DAC_wrapper_drc_pwropted.rpt"/>
  <File Type="PWROPT-TIMING" Name="M_DAC_wrapper_timing_summary_pwropted.rpt"/>
  <File Type="PLACE-DCP" Name="M_DAC_wrapper_placed.dcp"/>
  <File Type="PLACE-IO" Name="M_DAC_wrapper_io_placed.rpt"/>
  <File Type="PLACE-CLK" Name="M_DAC_wrapper_clock_utilization_placed.rpt"/>
  <File Type="PLACE-UTIL" Name="M_DAC_wrapper_utilization_placed.rpt"/>
  <File Type="PLACE-UTIL-PB" Name="M_DAC_wrapper_utilization_placed.pb"/>
  <File Type="PLACE-CTRL" Name="M_DAC_wrapper_control_sets_placed.rpt"/>
  <File Type="PLACE-SIMILARITY" Name="M_DAC_wrapper_incremental_reuse_placed.rpt"/>
  <File Type="PLACE-PRE-SIMILARITY" Name="M_DAC_wrapper_incremental_reuse_pre_placed.rpt"/>
  <File Type="BG-BIN" Name="M_DAC_wrapper.bin"/>
  <File Type="PLACE-TIMING" Name="M_DAC_wrapper_timing_summary_placed.rpt"/>
  <File Type="ROUTE-PWR-RPX" Name="M_DAC_wrapper_power_routed.rpx"/>
  <File Type="PLACE-RQA-PB" Name="M_DAC_wrapper_rqa_placed.pb"/>
  <File Type="POSTPLACE-PWROPT-DCP" Name="M_DAC_wrapper_postplace_pwropt.dcp"/>
  <File Type="BITSTR-MSK" Name="M_DAC_wrapper.msk"/>
  <File Type="POSTPLACE-PWROPT-TIMING" Name="M_DAC_wrapper_timing_summary_postplace_pwropted.rpt"/>
  <File Type="PHYSOPT-DCP" Name="M_DAC_wrapper_physopt.dcp"/>
  <File Type="PHYSOPT-DRC" Name="M_DAC_wrapper_drc_physopted.rpt"/>
  <File Type="BITSTR-RBT" Name="M_DAC_wrapper.rbt"/>
  <File Type="PHYSOPT-TIMING" Name="M_DAC_wrapper_timing_summary_physopted.rpt"/>
  <File Type="ROUTE-ERROR-DCP" Name="M_DAC_wrapper_routed_error.dcp"/>
  <File Type="ROUTE-DCP" Name="M_DAC_wrapper_routed.dcp"/>
  <File Type="ROUTE-BLACKBOX-DCP" Name="M_DAC_wrapper_routed_bb.dcp"/>
  <File Type="ROUTE-DRC" Name="M_DAC_wrapper_drc_routed.rpt"/>
  <File Type="ROUTE-DRC-PB" Name="M_DAC_wrapper_drc_routed.pb"/>
  <File Type="ROUTE-DRC-RPX" Name="M_DAC_wrapper_drc_routed.rpx"/>
  <File Type="ROUTE-METHODOLOGY-DRC" Name="M_DAC_wrapper_methodology_drc_routed.rpt"/>
  <File Type="ROUTE-METHODOLOGY-DRC-RPX" Name="M_DAC_wrapper_methodology_drc_routed.rpx"/>
  <File Type="ROUTE-METHODOLOGY-DRC-PB" Name="M_DAC_wrapper_methodology_drc_routed.pb"/>
  <File Type="ROUTE-RQS-PB" Name="M_DAC_wrapper_rqs_routed.pb"/>
  <File Type="ROUTE-STATUS" Name="M_DAC_wrapper_route_status.rpt"/>
  <File Type="ROUTE-STATUS-PB" Name="M_DAC_wrapper_route_status.pb"/>
  <File Type="ROUTE-TIMINGSUMMARY" Name="M_DAC_wrapper_timing_summary_routed.rpt"/>
  <File Type="ROUTE-TIMING-PB" Name="M_DAC_wrapper_timing_summary_routed.pb"/>
  <File Type="ROUTE-TIMING-RPX" Name="M_DAC_wrapper_timing_summary_routed.rpx"/>
  <File Type="ROUTE-SIMILARITY" Name="M_DAC_wrapper_incremental_reuse_routed.rpt"/>
  <File Type="ROUTE-CLK" Name="M_DAC_wrapper_clock_utilization_routed.rpt"/>
  <File Type="ROUTE-BUS-SKEW" Name="M_DAC_wrapper_bus_skew_routed.rpt"/>
  <File Type="ROUTE-BUS-SKEW-PB" Name="M_DAC_wrapper_bus_skew_routed.pb"/>
  <File Type="ROUTE-BUS-SKEW-RPX" Name="M_DAC_wrapper_bus_skew_routed.rpx"/>
  <File Type="POSTROUTE-PHYSOPT-DCP" Name="M_DAC_wrapper_postroute_physopt.dcp"/>
  <File Type="POSTROUTE-PHYSOPT-BLACKBOX-DCP" Name="M_DAC_wrapper_postroute_physopt_bb.dcp"/>
  <File Type="POSTROUTE-PHYSOPT-TIMING" Name="ctrl_top_timing_summary_postroute_physopted.rpt"/>
  <File Type="POSTROUTE-PHYSOPT-TIMING-PB" Name="ctrl_top_timing_summary_postroute_physopted.pb"/>
  <File Type="POSTROUTE-PHYSOPT-TIMING-RPX" Name="ctrl_top_timing_summary_postroute_physopted.rpx"/>
  <File Type="POSTROUTE-PHYSOPT-BUS-SKEW" Name="ctrl_top_bus_skew_postroute_physopted.rpt"/>
  <File Type="BG-BIT" Name="M_DAC_wrapper.bit"/>
  <File Type="POSTROUTE-PHYSOPT-BUS-SKEW-PB" Name="ctrl_top_bus_skew_postroute_physopted.pb"/>
  <File Type="POSTROUTE-PHYSOPT-BUS-SKEW-RPX" Name="ctrl_top_bus_skew_postroute_physopted.rpx"/>
  <File Type="BITSTR-NKY" Name="M_DAC_wrapper.nky"/>
  <File Type="BITSTR-BMM" Name="M_DAC_wrapper_bd.bmm"/>
  <File Type="PDI-FILE" Name="M_DAC_wrapper.pdi"/>
  <File Type="BOOT-PDI-FILE" Name="M_DAC_wrapper_boot.pdi"/>
  <File Type="PL-PDI-FILE" Name="M_DAC_wrapper_pld.pdi"/>
  <File Type="RCFI_FILE" Name="M_DAC_wrapper.rcfi"/>
  <File Type="CFI_FILE" Name="M_DAC_wrapper.cfi"/>
  <File Type="RNPI_FILE" Name="M_DAC_wrapper.rnpi"/>
  <File Type="NPI_FILE" Name="M_DAC_wrapper.npi"/>
  <File Type="RBD_FILE" Name="M_DAC_wrapper.rbd"/>
  <File Type="BITSTR-LTX" Name="debug_nets.ltx"/>
  <File Type="BITSTR-LTX" Name="M_DAC_wrapper.ltx"/>
  <File Type="BITSTR-SYSDEF" Name="M_DAC_wrapper.sysdef"/>
  <File Type="BG-BGN" Name="M_DAC_wrapper.bgn"/>
  <File Type="BG-DRC" Name="M_DAC_wrapper.drc"/>
  <File Type="RDI-RDI" Name="M_DAC_wrapper.vdi"/>
  <File Type="WBT-USG" Name="usage_statistics_webtalk.html"/>
  <File Type="ROUTE-RQS" Name="M_DAC_wrapper_routed.rqs"/>
  <File Type="POSTROUTE-PHYSOPT-RQS" Name="M_DAC_wrapper_postroute_physopted.rqs"/>
  <File Type="ROUTE-RQS-RPT" Name="route_report_qor_suggestions_0.rpt"/>
  <File Type="POSTROUTE-PHYSOPT-RQS-RPT" Name="postroute_physopt_report_qor_suggestions_0.rpt"/>
  <FileSet Name="sources" Type="DesignSrcs" RelSrcDir="$PSRCDIR/sources_1" RelGenDir="$PGENDIR/sources_1">
    <Filter Type="Srcs"/>
    <File Path="$PSRCDIR/sources_1/bd/M_DAC/M_DAC.bd">
      <FileInfo>
        <Attr Name="UsedIn" Val="synthesis"/>
        <Attr Name="UsedIn" Val="implementation"/>
        <Attr Name="UsedIn" Val="simulation"/>
      </FileInfo>
    </File>
    <File Path="$PSRCDIR/sources_1/new/DAC.v">
      <FileInfo>
        <Attr Name="UsedIn" Val="synthesis"/>
        <Attr Name="UsedIn" Val="implementation"/>
        <Attr Name="UsedIn" Val="simulation"/>
      </FileInfo>
    </File>
    <File Path="$PSRCDIR/sources_1/new/DAC_clk.v">
      <FileInfo>
        <Attr Name="UsedIn" Val="synthesis"/>
        <Attr Name="UsedIn" Val="implementation"/>
        <Attr Name="UsedIn" Val="simulation"/>
      </FileInfo>
    </File>
    <File Path="$PSRCDIR/sources_1/new/DAC_top.v">
      <FileInfo>
        <Attr Name="UsedIn" Val="synthesis"/>
        <Attr Name="UsedIn" Val="implementation"/>
        <Attr Name="UsedIn" Val="simulation"/>
      </FileInfo>
    </File>
    <File Path="$PSRCDIR/sources_1/new/DDS.v">
      <FileInfo>
        <Attr Name="UsedIn" Val="synthesis"/>
        <Attr Name="UsedIn" Val="implementation"/>
        <Attr Name="UsedIn" Val="simulation"/>
      </FileInfo>
    </File>
    <File Path="$PSRCDIR/sources_1/new/ctrl_top.v">
      <FileInfo>
        <Attr Name="UsedIn" Val="synthesis"/>
        <Attr Name="UsedIn" Val="implementation"/>
        <Attr Name="UsedIn" Val="simulation"/>
      </FileInfo>
    </File>
    <File Path="$PSRCDIR/sources_1/new/dds_rx.v">
      <FileInfo>
        <Attr Name="UsedIn" Val="synthesis"/>
        <Attr Name="UsedIn" Val="implementation"/>
        <Attr Name="UsedIn" Val="simulation"/>
      </FileInfo>
    </File>
    <File Path="$PSRCDIR/sources_1/new/parm_rx.v">
      <FileInfo>
        <Attr Name="UsedIn" Val="synthesis"/>
        <Attr Name="UsedIn" Val="implementation"/>
        <Attr Name="UsedIn" Val="simulation"/>
      </FileInfo>
    </File>
    <File Path="$PSRCDIR/sources_1/new/uart.v">
      <FileInfo>
        <Attr Name="UsedIn" Val="synthesis"/>
        <Attr Name="UsedIn" Val="implementation"/>
        <Attr Name="UsedIn" Val="simulation"/>
      </FileInfo>
    </File>
    <File Path="$PSRCDIR/sources_1/new/uart_tx.v">
      <FileInfo>
        <Attr Name="UsedIn" Val="synthesis"/>
        <Attr Name="UsedIn" Val="implementation"/>
        <Attr Name="UsedIn" Val="simulation"/>
      </FileInfo>
    </File>
    <File Path="$PGENDIR/sources_1/bd/M_DAC/hdl/M_DAC_wrapper.v">
      <FileInfo>
        <Attr Name="UsedIn" Val="synthesis"/>
        <Attr Name="UsedIn" Val="implementation"/>
        <Attr Name="UsedIn" Val="simulation"/>
      </FileInfo>
    </File>
    <File Path="$PSRCDIR/sources_1/new/test.v">
      <FileInfo>
        <Attr Name="UserDisabled" Val="1"/>
        <Attr Name="UsedIn" Val="synthesis"/>
        <Attr Name="UsedIn" Val="implementation"/>
        <Attr Name="UsedIn" Val="simulation"/>
      </FileInfo>
    </File>
    <File Path="$PSRCDIR/sources_1/ip/sin_wave_rom/sin_wave_1024x14.coe">
      <FileInfo>
        <Attr Name="UsedIn" Val="synthesis"/>
        <Attr Name="UsedIn" Val="simulation"/>
      </FileInfo>
    </File>
    <Config>
      <Option Name="DesignMode" Val="RTL"/>
      <Option Name="TopModule" Val="M_DAC_wrapper"/>
      <Option Name="TopAutoSet" Val="TRUE"/>
    </Config>
  </FileSet>
  <FileSet Name="constrs_in" Type="Constrs" RelSrcDir="$PSRCDIR/constrs_1" RelGenDir="$PGENDIR/constrs_1">
    <Filter Type="Constrs"/>
    <File Path="$PSRCDIR/constrs_1/new/amRF.xdc">
      <FileInfo>
        <Attr Name="UsedIn" Val="synthesis"/>
        <Attr Name="UsedIn" Val="implementation"/>
      </FileInfo>
    </File>
    <Config>
      <Option Name="TargetConstrsFile" Val="$PSRCDIR/constrs_1/new/amRF.xdc"/>
      <Option Name="ConstrsType" Val="XDC"/>
    </Config>
  </FileSet>
  <FileSet Name="utils" Type="Utils" RelSrcDir="$PSRCDIR/utils_1" RelGenDir="$PGENDIR/utils_1">
    <Filter Type="Utils"/>
    <Config>
      <Option Name="TopAutoSet" Val="TRUE"/>
    </Config>
  </FileSet>
  <Strategy Version="1" Minor="2">
    <StratHandle Name="Vivado Implementation Defaults" Flow="Vivado Implementation 2018">
      <Desc>Default settings for Implementation.</Desc>
    </StratHandle>
    <Step Id="init_design"/>
    <Step Id="opt_design"/>
    <Step Id="power_opt_design"/>
    <Step Id="place_design"/>
    <Step Id="post_place_power_opt_design"/>
    <Step Id="phys_opt_design"/>
    <Step Id="route_design"/>
    <Step Id="post_route_phys_opt_design"/>
    <Step Id="write_bitstream"/>
  </Strategy>
  <BlockFileSet Type="BlockSrcs" Name="M_DAC_processing_system7_0_0"/>
  <BlockFileSet Type="BlockSrcs" Name="sin_wave_rom"/>
  <BlockFileSet Type="BlockSrcs" Name="clk_wiz_0"/>
</GenRun>
