<?xml version="1.0"?>
<Runs Version="1" Minor="0">
	<Run Id="sin_wave_rom_synth_1" LaunchDir="D:/FPGA/Ti_Ego1/vivado_prj/amRF/amRF.runs/sin_wave_rom_synth_1" FlowId="Vivado_Synthesis" FromStepId="vivado" ToStepId="vivado"/>
	<Run Id="synth_1" LaunchDir="D:/FPGA/Ti_Ego1/vivado_prj/amRF/amRF.runs/synth_1" FlowId="Vivado_Synthesis" FromStepId="vivado" ToStepId="vivado">
		<Parent Id="sin_wave_rom_synth_1"/>
	</Run>
	<Run Id="impl_1" LaunchDir="D:/FPGA/Ti_Ego1/vivado_prj/amRF/amRF.runs/impl_1" FlowId="Vivado_Implementation" FromStepId="init_design" ToStepId="write_bitstream">
		<Parent Id="synth_1"/>
		<Parent Id="sin_wave_rom_synth_1"/>
	</Run>
	<Parameters>
		<Parameter Name="runs.monitorLSFJobs" Val="true" Type="bool"/>
	</Parameters>
</Runs>

